{"fullscreen":true,"width":240,"height":240,"scale":1,"startScene":"main","version":"0.5.0","clearColor":[0.0196078431372549,0.0196078431372549,0.0196078431372549,1]}